{
    "name": "env3",
    "definition": {
        "positivemeshes": [
            {
                "polygon": [
                    [
                        5.01735,
                        0.01023
                    ],
                    [
                        5.00986,
                        1.00894
                    ],
                    [
                        5.00243,
                        1.99956
                    ],
                    [
                        4.99485,
                        3.00996
                    ],
                    [
                        4.98732,
                        4.01378
                    ],
                    [
                        4.97984,
                        5.01215
                    ],
                    [
                        3.99282,
                        5.00772
                    ],
                    [
                        3.01258,
                        5.00331
                    ],
                    [
                        1.97838,
                        4.99867
                    ],
                    [
                        1.02131,
                        4.99437
                    ],
                    [
                        -0.01013,
                        4.98973
                    ],
                    [
                        -0.00548,
                        3.99792
                    ],
                    [
                        -0.00084,
                        3.01056
                    ],
                    [
                        0.00399,
                        1.98085
                    ],
                    [
                        0.00862,
                        0.99491
                    ],
                    [
                        0.01331,
                        -0.00302
                    ],
                    [
                        1.00458,
                        -0.0004
                    ],
                    [
                        2.01386,
                        0.00228
                    ],
                    [
                        2.98968,
                        0.00486
                    ],
                    [
                        3.97077,
                        0.00746
                    ],
                    [
                        5.01735,
                        0.01023
                    ]
                ],
                "bottom": 0.31033,
                "top": 3.05617
            }
        ],
        "negativemeshes": [
            {
                "polygon": [
                    [
                        1.99976,
                        1.98832
                    ],
                    [
                        2.00677,
                        1.00052
                    ],
                    [
                        1.00792,
                        0.99772
                    ],
                    [
                        1.01123,
                        1.98462
                    ],
                    [
                        1.99976,
                        1.98832
                    ]
                ],
                "bottom": 0.311,
                "top": 1.027
            },
            {
                "polygon": [
                    [
                        1.9925,
                        3.01032
                    ],
                    [
                        1.98544,
                        4.00424
                    ],
                    [
                        1.01798,
                        4.00117
                    ],
                    [
                        1.01466,
                        3.01044
                    ],
                    [
                        1.9925,
                        3.01032
                    ]
                ],
                "bottom": 0.31567,
                "top": 2.377
            },
            {
                "polygon": [
                    [
                        2.99879,
                        1.99206
                    ],
                    [
                        2.99426,
                        1.00329
                    ],
                    [
                        3.97517,
                        1.00604
                    ],
                    [
                        3.97954,
                        1.99573
                    ],
                    [
                        2.99879,
                        1.99206
                    ]
                ],
                "bottom": 0.307,
                "top": 2.427
            },
            {
                "polygon": [
                    [
                        3.00345,
                        3.0102
                    ],
                    [
                        3.00802,
                        4.00749
                    ],
                    [
                        3.98842,
                        4.01061
                    ],
                    [
                        3.98401,
                        3.01008
                    ],
                    [
                        3.00345,
                        3.0102
                    ]
                ],
                "bottom": 0.307,
                "top": 1.0425
            }
        ]
    }
}