{
    "name": "env3",
    "definition": {
        "positivemeshes": [
            {
                "polygon": [
                    [
                        0.31721,
                        0.49212
                    ],
                    [
                        0.31821,
                        -0.40258
                    ],
                    [
                        0.31934,
                        -1.41508
                    ],
                    [
                        0.32048,
                        -2.4315
                    ],
                    [
                        0.32156,
                        -3.40005
                    ],
                    [
                        0.32245,
                        -4.19557
                    ],
                    [
                        -0.32333,
                        -4.19121
                    ],
                    [
                        -1.38687,
                        -4.18404
                    ],
                    [
                        -2.36316,
                        -4.17746
                    ],
                    [
                        -3.36583,
                        -4.17069
                    ],
                    [
                        -4.35296,
                        -4.16404
                    ],
                    [
                        -4.35325,
                        -3.38694
                    ],
                    [
                        -4.35363,
                        -2.34659
                    ],
                    [
                        -4.35398,
                        -1.39838
                    ],
                    [
                        -4.35434,
                        -0.41409
                    ],
                    [
                        -4.35468,
                        0.50949
                    ],
                    [
                        -3.34453,
                        0.50573
                    ],
                    [
                        -2.32442,
                        0.50194
                    ],
                    [
                        -1.35554,
                        0.49834
                    ],
                    [
                        -0.41611,
                        0.49485
                    ],
                    [
                        0.31721,
                        0.49212
                    ]
                ],
                "bottom": 0.305,
                "top": 2.8635
            }
        ],
        "negativemeshes": [
            {
                "polygon": [
                    [
                        -3.36228,
                        -3.38972
                    ],
                    [
                        -3.35761,
                        -2.36468
                    ],
                    [
                        -2.3483,
                        -2.38302
                    ],
                    [
                        -2.35666,
                        -3.39254
                    ],
                    [
                        -3.36228,
                        -3.38972
                    ]
                ],
                "bottom": 0.306,
                "top": 2.314
            },
            {
                "polygon": [
                    [
                        -1.38159,
                        -3.39527
                    ],
                    [
                        -1.37494,
                        -2.4007
                    ],
                    [
                        -0.35842,
                        -2.41917
                    ],
                    [
                        -0.33903,
                        -3.3982
                    ],
                    [
                        -1.38159,
                        -3.39527
                    ]
                ],
                "bottom": 0.309,
                "top": 2.314
            },
            {
                "polygon": [
                    [
                        -3.35322,
                        -1.40195
                    ],
                    [
                        -3.34871,
                        -0.41161
                    ],
                    [
                        -2.33196,
                        -0.40911
                    ],
                    [
                        -2.34021,
                        -1.40557
                    ],
                    [
                        -3.35322,
                        -1.40195
                    ]
                ],
                "bottom": 0.306,
                "top": 2.264
            },
            {
                "polygon": [
                    [
                        -1.3683,
                        -1.40904
                    ],
                    [
                        -1.3616,
                        -0.40672
                    ],
                    [
                        -0.39831,
                        -0.40434
                    ],
                    [
                        -0.37835,
                        -1.41258
                    ],
                    [
                        -1.3683,
                        -1.40904
                    ]
                ],
                "bottom": 0.309,
                "top": 2.264
            }
        ]
    }
}