{
    "name": "env8",
    "definition": {
        "positivemeshes": [
            {
                "polygon": [
                    [
                        2.00161,
                        2.93618
                    ],
                    [
                        2.98883,
                        3.0519
                    ],
                    [
                        3.02812,
                        0.03195
                    ],
                    [
                        5.02729,
                        0.03188
                    ],
                    [
                        4.98939,
                        3.28639
                    ],
                    [
                        4.96943,
                        5.00069
                    ],
                    [
                        2.96356,
                        4.9941
                    ],
                    [
                        1.98437,
                        4.99088
                    ],
                    [
                        -0.01217,
                        4.98433
                    ],
                    [
                        -0.00177,
                        2.70137
                    ],
                    [
                        0.01039,
                        0.03207
                    ],
                    [
                        2.02596,
                        0.03199
                    ],
                    [
                        2.00161,
                        2.93618
                    ]
                ],
                "bottom": 0.311,
                "top": 3.01267
            }
        ],
        "negativemeshes": []
    }
}