{
    "name": "env8",
    "definition": {
        "positivemeshes": [
            {
                "polygon": [
                    [
                        -3.79302,
                        0.93264
                    ],
                    [
                        -3.82929,
                        -0.87716
                    ],
                    [
                        -3.88662,
                        -3.73818
                    ],
                    [
                        -1.98572,
                        -3.74671
                    ],
                    [
                        -1.97607,
                        -0.90549
                    ],
                    [
                        -0.9677,
                        -0.9209
                    ],
                    [
                        -0.98637,
                        -3.75119
                    ],
                    [
                        0.85596,
                        -3.75946
                    ],
                    [
                        0.85498,
                        -0.94876
                    ],
                    [
                        0.85433,
                        0.92517
                    ],
                    [
                        -0.9555,
                        0.92808
                    ],
                    [
                        -1.96984,
                        0.92971
                    ],
                    [
                        -3.79302,
                        0.93264
                    ]
                ],
                "bottom": 0.306,
                "top": 2.96757
            }
        ],
        "negativemeshes": []
    }
}