{
    "name": "env8",
    "definition": {
        "positivemeshes": [
            {
                "polygon": [
                    [
                        0.8356620595131286,
                        0.9396250902394292
                    ],
                    [
                        0.8448241439735391,
                        -0.8868630697708131
                    ],
                    [
                        0.8592060681040866,
                        -3.753941435629178
                    ],
                    [
                        -0.9868308926650581,
                        -3.7446832682072633
                    ],
                    [
                        -0.9695789773701623,
                        -0.9129149196139957
                    ],
                    [
                        -1.9531155488841594,
                        -0.9270368899605775
                    ],
                    [
                        -1.9994167727657164,
                        -3.7396049898161676
                    ],
                    [
                        -3.883314093151011,
                        -3.7301569467008475
                    ],
                    [
                        -3.830674654138431,
                        -0.9539955560400097
                    ],
                    [
                        -3.7954360521610173,
                        0.9044597790782649
                    ],
                    [
                        -1.9227308832941368,
                        0.9186797887581113
                    ],
                    [
                        -0.9583757847501724,
                        0.9260024250513628
                    ],
                    [
                        0.8356620595131286,
                        0.9396250902394292
                    ]
                ],
                "bottom": 0.0,
                "top": 0.0
            }
        ],
        "negativemeshes": []
    }
}