{
    "name": "env9",
    "definition": {
        "positivemeshes": [
            {
                "polygon": [
                    [
                        -1.89922,
                        -1.92497
                    ],
                    [
                        -1.89699,
                        -1.20875
                    ],
                    [
                        -1.89397,
                        -0.24221
                    ],
                    [
                        -1.88475,
                        2.71254
                    ],
                    [
                        -1.2229,
                        2.70881
                    ],
                    [
                        2.77096,
                        -1.2721
                    ],
                    [
                        2.77135,
                        -1.41767
                    ],
                    [
                        2.77398,
                        -1.9759
                    ],
                    [
                        -0.20922,
                        -1.94339
                    ],
                    [
                        -1.24604,
                        -1.93209
                    ],
                    [
                        -1.89922,
                        -1.92497
                    ]
                ],
                "bottom": 0.30733,
                "top": 2.76293
            }
        ],
        "negativemeshes": [
            {
                "polygon": [
                    [
                        -0.20416,
                        -1.1963
                    ],
                    [
                        -0.19779,
                        -0.25467
                    ],
                    [
                        -1.23763,
                        -0.24703
                    ],
                    [
                        -1.24241,
                        -1.20393
                    ],
                    [
                        -0.20416,
                        -1.1963
                    ]
                ],
                "bottom": 0.31085,
                "top": 2.105
            }
        ]
    }
}