{
    "name": "room2",
    "definition": {
        "positivemeshes": [
            {
                "polygon": [
                    [
                        -4.30327,
                        0.71208
                    ],
                    [
                        -8.05496,
                        0.77083
                    ],
                    [
                        -8.25,
                        0.77388
                    ],
                    [
                        -8.39819,
                        0.7762
                    ],
                    [
                        -8.39674,
                        0.32521
                    ],
                    [
                        -8.39391,
                        -0.55794
                    ],
                    [
                        -8.39106,
                        -1.44546
                    ],
                    [
                        -8.25228,
                        -1.44632
                    ],
                    [
                        -4.29734,
                        -1.44632
                    ],
                    [
                        -4.29734,
                        0.2506
                    ],
                    [
                        -4.30327,
                        0.71208
                    ]
                ],
                "bottom": 0.27291,
                "top": 2.738
            }
        ],
        "negativemeshes": [
            {
                "polygon": [
                    [
                        -8.01768,
                        -0.56233
                    ],
                    [
                        -8.04232,
                        0.31876
                    ],
                    [
                        -8.25046,
                        0.32255
                    ],
                    [
                        -8.25137,
                        -0.5596
                    ],
                    [
                        -8.01768,
                        -0.56233
                    ]
                ],
                "bottom": 0.27865,
                "top": 2.7345
            }
        ]
    }
}