{
    "name": "room4",
    "definition": {
        "positivemeshes": [
            {
                "polygon": [
                    [
                        -3.12972,
                        -6.52068
                    ],
                    [
                        -3.18924,
                        -14.10428
                    ],
                    [
                        -4.08414,
                        -14.10572
                    ],
                    [
                        -5.37752,
                        -14.10781
                    ],
                    [
                        -5.84921,
                        -14.10857
                    ],
                    [
                        -6.47832,
                        -14.10958
                    ],
                    [
                        -7.94301,
                        -14.11195
                    ],
                    [
                        -8.36143,
                        -14.11262
                    ],
                    [
                        -8.36811,
                        -12.48609
                    ],
                    [
                        -8.37394,
                        -11.06284
                    ],
                    [
                        -8.37577,
                        -10.61695
                    ],
                    [
                        -8.38212,
                        -9.06895
                    ],
                    [
                        -8.18614,
                        -9.06889
                    ],
                    [
                        -6.86781,
                        -9.06847
                    ],
                    [
                        -5.85482,
                        -9.06814
                    ],
                    [
                        -5.57306,
                        -9.06805
                    ],
                    [
                        -4.09621,
                        -9.06758
                    ],
                    [
                        -4.10227,
                        -6.53437
                    ],
                    [
                        -3.12972,
                        -6.52068
                    ]
                ],
                "bottom": 0.329,
                "top": 2.785
            }
        ],
        "negativemeshes": [
            {
                "polygon": [
                    [
                        -8.36811,
                        -12.48609
                    ],
                    [
                        -8.02141,
                        -12.48568
                    ],
                    [
                        -8.08995,
                        -11.06414
                    ],
                    [
                        -8.36811,
                        -11.06414
                    ],
                    [
                        -8.36811,
                        -12.48609
                    ]
                ],
                "bottom": 0.366,
                "top": 1.43173
            },
            {
                "polygon": [
                    [
                        -5.44058,
                        -12.48259
                    ],
                    [
                        -5.49515,
                        -11.076
                    ],
                    [
                        -5.51137,
                        -10.65788
                    ],
                    [
                        -5.85305,
                        -10.65299
                    ],
                    [
                        -6.74637,
                        -10.64023
                    ],
                    [
                        -6.71313,
                        -11.07043
                    ],
                    [
                        -6.71313,
                        -12.48308
                    ],
                    [
                        -5.85102,
                        -12.48308
                    ],
                    [
                        -5.44058,
                        -12.48259
                    ]
                ],
                "bottom": 0.348,
                "top": 1.953
            }
        ]
    }
}