{
    "name": "20211201113849",
    "definition": {
        "positivemeshes": [
            {
                "polygon": [
                    [
                        0.56559,
                        0.74377
                    ],
                    [
                        0.56374,
                        -0.9777
                    ],
                    [
                        0.56355,
                        -1.1486
                    ],
                    [
                        0.56325,
                        -1.4263
                    ],
                    [
                        -0.95696,
                        -1.4303
                    ],
                    [
                        -1.94927,
                        -1.4329
                    ],
                    [
                        -4.05365,
                        -1.43844
                    ],
                    [
                        -4.05529,
                        -1.26695
                    ],
                    [
                        -4.05697,
                        -1.0898
                    ],
                    [
                        -4.07444,
                        0.74389
                    ],
                    [
                        -1.94597,
                        0.74383
                    ],
                    [
                        -0.95433,
                        0.74381
                    ],
                    [
                        0.56559,
                        0.74377
                    ]
                ],
                "bottom": 0.309,
                "top": 2.679
            }
        ],
        "negativemeshes": [
            {
                "polygon": [
                    [
                        -1.94927,
                        -1.4329
                    ],
                    [
                        -1.94894,
                        -1.21298
                    ],
                    [
                        -1.94868,
                        -1.03865
                    ],
                    [
                        -0.95646,
                        -1.01458
                    ],
                    [
                        -0.95667,
                        -1.18755
                    ],
                    [
                        -0.95696,
                        -1.4303
                    ],
                    [
                        -1.94927,
                        -1.4329
                    ]
                ],
                "bottom": 0.32233,
                "top": 1.88925
            }
        ]
    }
}