{
    "name": "room3",
    "definition": {
        "positivemeshes": [
            {
                "polygon": [
                    [
                        -8.41206,
                        -1.65178
                    ],
                    [
                        -8.41801,
                        -2.22385
                    ],
                    [
                        -8.44246,
                        -4.57647
                    ],
                    [
                        -8.46274,
                        -6.52832
                    ],
                    [
                        -5.99351,
                        -6.53947
                    ],
                    [
                        -5.39135,
                        -6.54218
                    ],
                    [
                        -3.17756,
                        -6.55218
                    ],
                    [
                        -3.15874,
                        -4.74636
                    ],
                    [
                        -3.13159,
                        -2.14042
                    ],
                    [
                        -3.1263,
                        -1.6335
                    ],
                    [
                        -5.28655,
                        -1.64097
                    ],
                    [
                        -6.03102,
                        -1.64355
                    ],
                    [
                        -8.41206,
                        -1.65178
                    ]
                ],
                "bottom": 0.2615,
                "top": 2.73767
            }
        ],
        "negativemeshes": [
            {
                "polygon": [
                    [
                        -6.02686,
                        -2.18611
                    ],
                    [
                        -6.00795,
                        -4.65475
                    ],
                    [
                        -5.35144,
                        -4.67586
                    ],
                    [
                        -5.35144,
                        -2.18611
                    ],
                    [
                        -6.02686,
                        -2.18611
                    ]
                ],
                "bottom": 0.2695,
                "top": 1.252
            }
        ]
    }
}