{
    "name": "20211201115803_",
    "definition": {
        "positivemeshes": [
            {
                "polygon": [
                    [
                        -2.97499,
                        -12.78884
                    ],
                    [
                        -2.97341,
                        -13.20902
                    ],
                    [
                        -2.97017,
                        -14.0756
                    ],
                    [
                        -1.0531,
                        -14.08376
                    ],
                    [
                        0.08467,
                        -14.0886
                    ],
                    [
                        1.95745,
                        -14.09657
                    ],
                    [
                        1.9552,
                        -13.46086
                    ],
                    [
                        1.95378,
                        -13.06196
                    ],
                    [
                        1.95195,
                        -12.54442
                    ],
                    [
                        1.94871,
                        -11.6314
                    ],
                    [
                        0.07563,
                        -11.63928
                    ],
                    [
                        -0.9935,
                        -11.64378
                    ],
                    [
                        -2.97924,
                        -11.65213
                    ],
                    [
                        -2.97499,
                        -12.78884
                    ]
                ],
                "bottom": 0.267,
                "top": 2.757
            }
        ],
        "negativemeshes": [
            {
                "polygon": [
                    [
                        0.0805,
                        -12.95815
                    ],
                    [
                        0.07914,
                        -12.58877
                    ],
                    [
                        -1.01722,
                        -12.61474
                    ],
                    [
                        -1.02411,
                        -12.89694
                    ],
                    [
                        -1.03415,
                        -13.30811
                    ],
                    [
                        0.082,
                        -13.36515
                    ],
                    [
                        0.0805,
                        -12.95815
                    ]
                ],
                "bottom": 0.34875,
                "top": 2.243
            }
        ]
    }
}