{
    "name": "20211201114528",
    "definition": {
        "positivemeshes": [
            {
                "polygon": [
                    [
                        -8.41768,
                        -8.87482
                    ],
                    [
                        -8.43095,
                        -6.75526
                    ],
                    [
                        -4.27607,
                        -6.75163
                    ],
                    [
                        -4.28646,
                        -8.89676
                    ],
                    [
                        -8.41768,
                        -8.87482
                    ]
                ],
                "bottom": 0.14,
                "top": 2.761
            }
        ],
        "negativemeshes": []
    }
}